{
  "$schema": "./node_modules/@angular/service-worker/config/schema.json",
  "index": "/index.html",
  "assetGroups": [
    {
      "name": "app",            
      "installMode": "prefetch",
      "resources": {
        "files": [
          "/favicon.ico",
          "/index.html",
          "/manifest.webmanifest",
          "/*.css",
          "/*.js"
        ],
       
        "urls": [
          "https://fonts.googleapis.com/css?family=Material+Icons"
        ]
      }
    },
    {
      "name": "assets",
      "installMode": "lazy",
      "updateMode": "prefetch",
      "resources": {
        "files": [
          "/assets/**",
          "/*.(eot|svg|cur|jpg|png|webp|gif|otf|ttf|woff|woff2|ani)"
        ]
       
      }
    }
      
  ],
  "dataGroups": [
    
    {
      "cacheConfig": {
      "strategy": "freshness",
      "maxSize": 20,
      "maxAge": "1h",
      "timeout": "5s"
    },

  "name": "api",
      "urls": [
        "https://rus-uz-default-rtdb.firebaseio.com/dicts.json"
      ]
    }
  ]
}
